Fecha,Hora,Magnitud,Profundidad,Latitud,Longitud,Localizacion,Revisado,Autor,Mapa,Provincia
2021-05-12,03:41:29,2.2,17.0,8.8473,-84.1492,52.0 km al Noroeste de Sierpe de Puntarenas,No,olDbg,mapa,Puntarenas
2021-05-12,21:32:36,4.5,37.0,6.1933,-82.7102,212.5 km al Sur de Pavon de Puntarenas,Si,UNA:jprottiMwpM,mapa,Puntarenas
2021-05-12,11:50:56,1.7,25.0,8.7936,-82.9301,1.6 km al Noreste de Sabalito de Puntarenas,Si,UNA:fvegaMwpMl,mapa,Puntarenas
2021-05-12,10:01:16,3.9,300.0,6.0974,-82.7348,222.9 km al Sur de Pavon de Puntarenas,No,orDbg,mapa,Puntarenas
2021-05-12,05:16:12,2.6,18.0,9.5867,-84.8144,17.8 km al Suroeste de Jaco de Puntarenas,Si,UNA:jprottiMl,mapa,Puntarenas
2021-05-12,07:55:50,3.0,28.0,9.4236,-82.9294,5.1 km al Noreste de Telire de Limon,Si,UNA:jprottiMwpM,mapa,Limon
2021-05-12,03:45:23,2.5,13.0,8.8615,-84.1509,52.9 km al Noroeste de Sierpe de Puntarenas,No,olDbg,mapa,Puntarenas
2021-05-12,00:55:53,1.5,39.0,9.4742,-83.8613,3.6 km al Noroeste de Rio Nuevo de San Jose,No,olDbg,mapa,San Jose
2021-05-12,11:50:02,4.4,13.0,11.1574,-79.0351,189.6 km al Noreste de - de Panama,No,-,mapa,Other Location
2021-05-12,21:17:55,2.4,21.0,8.7241,-84.1549,47.6 km al Noroeste de Sierpe de Puntarenas,Si,UNA:jprottiMwpM,mapa,Puntarenas
2021-05-12,14:53:42,1.8,44.0,9.5023,-84.1162,1.1 km al Este de Quepos de Puntarenas,Si,UNA:fvegaMwpMl,mapa,Puntarenas
2021-05-12,12:13:45,2.7,31.0,8.1925,-82.8454,9.5 km al Noreste de Pavon de Puntarenas,Si,UNA:fvegaMwpMl,mapa,Puntarenas
2021-05-12,00:18:19,3.9,0.0,10.6024,-85.6846,3.0 km al Noroeste de Sardinal de Guanacaste,No,olDbg,mapa,Guanacaste
2021-05-12,02:46:06,5.8,7.0,12.7216,-88.8489,82.5 km al Suroeste de - de El Salvador,No,orDbg,mapa,Other Location
2021-05-12,03:35:56,3.0,3.0,8.8541,-84.1573,53.1 km al Noroeste de Sierpe de Puntarenas,No,olDbg,mapa,Puntarenas
2021-05-12,04:58:38,2.6,23.0,9.1851,-85.4428,56.7 km al Suroeste de Cobano de Puntarenas,No,olDbg,mapa,Puntarenas
2021-05-13,08:40:50,2.4,40.0,9.2333,-82.5041,18.7 km al Suroeste de - de Panama,Si,UNA:fvegaMwpMl,mapa,Other Location
2021-05-13,05:22:26,1.0,0.0,10.0229,-83.8579,3.4 km al Noreste de Cascajal de San Jose,Si,UNA:fvegaMl,mapa,San Jose
2021-05-13,08:48:53,2.7,6.0,10.0524,-83.9294,1.4 km al Oeste de Cascajal de San Jose,Si,UNA:fvegaMwpMl,mapa,San Jose
2021-05-13,03:42:19,5.5,0.0,7.3688,-82.9164,80.9 km al Sur de Pavon de Puntarenas,No,olMwp,mapa,Puntarenas
2021-05-13,05:33:20,1.8,6.0,10.0469,-83.9361,2.2 km al Suroeste de Cascajal de San Jose,Si,UNA:fvegaMwpMl,mapa,San Jose
2021-05-13,11:46:07,4.5,27.0,5.8797,-82.8633,246.3 km al Sur de Pavon de Puntarenas,Si,UNA:fvegaMwpMl,mapa,Puntarenas
2021-05-13,02:13:34,2.3,9.0,9.8161,-83.5726,0.5 km al Noroeste de Tayutic de Cartago,Si,UNA:fvegaMwpMl,mapa,Cartago
2021-05-13,04:54:59,1.8,1.0,9.4463,-83.8512,0.8 km al Oeste de Rio Nuevo de San Jose,Si,UNA:fvegaMwpMl,mapa,San Jose
2021-05-13,08:57:10,4.7,6.0,6.9429,-82.8303,128.4 km al Sur de Pavon de Puntarenas,Si,UNA:fvegaMwpMl,mapa,Puntarenas
2021-05-13,15:58:08,1.5,5.0,10.0244,-83.7466,1.5 km al Suroeste de Santa Cruz de Cartago,Si,UNA:fvegaMl,mapa,Cartago
2021-05-13,03:42:08,6.1,44.0,6.5481,-82.4996,177.6 km al Sureste de Pavon de Puntarenas,Si,UNA:fvegaMwpMl,mapa,Puntarenas
2021-05-13,20:46:27,4.8,45.0,5.8926,-83.0708,245.6 km al Sur de Pavon de Puntarenas,Si,UNA:fvegaMwpMl,mapa,Puntarenas
2021-05-13,20:46:11,4.9,36.0,4.583,-82.5102,392.8 km al Sur de Pavon de Puntarenas,No,orDbg,mapa,Puntarenas
2021-05-13,03:29:01,1.9,5.0,9.629,-83.5794,8.8 km al Sur de Chirripo de Cartago,Si,UNA:jprottiMwpM,mapa,Cartago
2021-05-13,22:23:01,1.9,5.0,9.6782,-83.9669,1.8 km al Noreste de Santa Maria de San Jose,Si,UNA:fvegaMwpMl,mapa,San Jose
2021-05-13,11:46:36,1.9,0.0,9.3224,-83.681,1.5 km al Noreste de S. Isidro El General de San Jose,No,olDbg,mapa,San Jose
2021-05-13,20:58:27,5.1,18.0,4.3809,-82.6918,413.5 km al Sur de Pavon de Puntarenas,No,orDbg,mapa,Puntarenas
2021-05-13,20:58:24,5.0,0.0,4.4437,-82.4194,409.3 km al Sur de Pavon de Puntarenas,Si,UNA:fvegaMwpMl,mapa,Puntarenas
2021-05-13,15:57:46,3.1,83.0,10.8276,-82.6039,100.0 km al Noreste de Siquirres de Limon,No,-,mapa,Limon
2021-05-13,20:57:06,3.5,30.0,6.6268,-83.3745,171.5 km al Suroeste de Pavon de Puntarenas,Si,UNA:fvegaMwpMl,mapa,Puntarenas
2021-05-13,20:57:18,2.6,0.0,7.5195,-83.5522,96.3 km al Suroeste de Pavon de Puntarenas,No,olDbg,mapa,Puntarenas
2021-05-13,11:46:36,3.5,0.0,7.8526,-83.4723,64.8 km al Suroeste de Puerto Jimenez de Puntarenas,No,olDbg,mapa,Puntarenas
2021-05-14,21:21:38,4.1,2.0,8.7766,-84.354,70.2 km al Noroeste de Sierpe de Puntarenas,Si,UNA:jprottiMwpM,mapa,Puntarenas
2021-05-14,09:37:12,2.3,44.0,9.2956,-83.9526,2.9 km al Suroeste de Savegre de Puntarenas,Si,UNA:fvegaMwpMl,mapa,Puntarenas
2021-05-14,10:35:04,1.7,19.0,9.0513,-84.0453,29.7 km al Suroeste de Bahia Ballena de Puntarenas,No,olDbg,mapa,Puntarenas
2021-05-14,02:20:36,2.3,23.0,8.7543,-84.3742,71.8 km al Noroeste de Sierpe de Puntarenas,Si,UNA:fvegaMwpMl,mapa,Puntarenas
2021-05-14,04:14:50,2.0,17.0,9.5122,-84.6012,5.5 km al Suroeste de Jaco de Puntarenas,Si,UNA:fvegaMwpMl,mapa,Puntarenas
2021-05-14,15:57:50,1.8,24.0,9.1083,-83.2075,3.0 km al Noreste de Buenos Aires de Puntarenas,Si,UNA:jprottiMwpM,mapa,Puntarenas
2021-05-14,21:51:02,2.6,13.0,8.7591,-83.5887,2.1 km al Sureste de Sierpe de Puntarenas,Si,olDbg,mapa,Puntarenas
2021-05-14,02:15:56,2.9,18.0,8.7641,-84.3658,71.1 km al Noroeste de Sierpe de Puntarenas,Si,UNA:fvegaMwpMl,mapa,Puntarenas
2021-05-14,22:53:15,2.5,16.0,8.7658,-83.6028,0.4 km al Sureste de Sierpe de Puntarenas,Si,UNA:jprottiMwpM,mapa,Puntarenas
2021-05-14,23:02:59,4.4,19.0,6.0538,-85.7567,362.1 km al Suroeste de Sierpe de Puntarenas,Si,-,mapa,Puntarenas
2021-05-14,21:45:00,2.4,13.0,8.6547,-84.4823,82.3 km al Oeste de Sierpe de Puntarenas,No,olDbg,mapa,Puntarenas
2021-05-14,22:32:10,1.6,13.0,8.7471,-83.5543,3.9 km al Suroeste de Sierpe de Puntarenas,No,-,mapa,Puntarenas
2021-05-14,21:13:10,2.4,13.0,8.718,-84.3843,72.2 km al Oeste de Sierpe de Puntarenas,No,olDbg,mapa,Puntarenas
2021-05-14,17:11:06,2.0,26.0,9.4967,-83.7429,2.0 km al Noreste de Paramo de San Jose,No,olDbg,mapa,San Jose
2021-05-14,23:16:03,2.2,93.0,10.3996,-84.1533,1.9 km al Oeste de La Virgen de Heredia,Si,olDbg,mapa,Heredia
2021-05-14,21:24:13,2.8,20.0,8.7684,-84.3347,67.9 km al Noroeste de Sierpe de Puntarenas,No,olDbg,mapa,Puntarenas
2021-05-14,10:34:57,2.0,50.0,9.3358,-83.9559,0.7 km al Noreste de Savegre de Puntarenas,Si,UNA:fvegaMwpMl,mapa,Puntarenas
2021-05-14,23:03:29,2.9,12.0,8.7884,-83.5872,3.2 km al Noreste de Sierpe de Puntarenas,Si,UNA:jprottiMwpM,mapa,Puntarenas
2021-05-14,18:03:30,3.7,11.0,8.6856,-84.4315,76.9 km al Oeste de Sierpe de Puntarenas,No,olDbg,mapa,Puntarenas
2021-05-14,09:33:54,4.9,46.0,9.326,-83.9755,1.9 km al Suroeste de Savegre de Puntarenas,Si,UNA:fvegaMwpMl,mapa,Puntarenas
2021-05-14,21:18:43,3.3,14.0,8.7676,-84.3388,68.3 km al Noroeste de Sierpe de Puntarenas,No,olDbg,mapa,Puntarenas
2021-05-14,17:52:38,2.8,9.0,9.4988,-83.6345,1.8 km al Este de Rivas de San Jose,No,olDbg,mapa,San Jose
2021-05-14,04:26:21,3.4,91.0,8.306,-85.9838,171.0 km al Suroeste de Cobano de Puntarenas,Si,UNA:fvegaMwpMl,mapa,Puntarenas
2021-05-14,22:53:15,2.4,14.0,8.7705,-83.5806,2.9 km al Este de Sierpe de Puntarenas,Si,olDbg,mapa,Puntarenas
2021-05-14,21:34:27,3.4,12.0,8.7915,-83.5762,3.7 km al Noroeste de Sierpe de Puntarenas,Si,UNA:jprottiMl,mapa,Puntarenas
2021-05-14,23:31:32,2.3,20.0,8.7574,-84.3535,69.7 km al Noroeste de Sierpe de Puntarenas,Si,olDbg,mapa,Puntarenas
2021-05-14,23:03:30,2.8,12.0,8.7773,-83.5711,3.0 km al Oeste de Sierpe de Puntarenas,Si,olDbg,mapa,Puntarenas
2021-05-14,23:16:00,2.1,115.0,10.3643,-84.1619,1.5 km al Suroeste de La Virgen de Heredia,Si,UNA:jprottiMwpM,mapa,Heredia
2021-05-14,09:25:10,2.8,18.0,8.764,-84.3551,70.0 km al Noroeste de Sierpe de Puntarenas,Si,UNA:fvegaMwpMl,mapa,Puntarenas
2021-05-14,08:57:27,3.3,10.0,8.8493,-84.2403,59.8 km al Suroeste de Quepos de Puntarenas,Si,olDbg,mapa,Puntarenas
2021-05-14,06:59:08,2.0,4.0,9.4144,-83.3144,16.0 km al Sur de Telire de Limon,Si,UNA:fvegaMwpMl,mapa,Limon
2021-05-14,10:10:02,2.4,49.0,9.374,-83.9472,2.3 km al Sureste de Savegre de Puntarenas,Si,UNA:fvegaMwpMl,mapa,Puntarenas
2021-05-14,13:58:38,2.4,19.0,9.6757,-84.8574,14.7 km al Sureste de Paquera de Puntarenas,No,olDbg,mapa,Puntarenas
2021-05-14,00:52:12,2.4,534.0,9.8532,-83.4709,2.8 km al Norte de Chirripo de Cartago,Si,UNA:fvegaMwpMl,mapa,Cartago
2021-05-14,12:54:06,3.0,21.0,9.4662,-83.6356,2.0 km al Norte de Rivas de San Jose,No,olDbg,mapa,San Jose
2021-05-15,14:33:33,2.2,10.0,8.6959,-83.3386,1.0 km al Suroeste de Golfito de Puntarenas,Si,UNA:jprottiMwpM,mapa,Puntarenas
2021-05-15,02:39:21,1.8,17.0,8.7578,-83.5597,3.0 km al Suroeste de Sierpe de Puntarenas,No,-,mapa,Puntarenas
2021-05-15,18:33:29,2.9,18.0,8.7669,-83.5869,2.2 km al Este de Sierpe de Puntarenas,Si,UNA:jprottiMwpM,mapa,Puntarenas
2021-05-15,00:30:38,1.4,47.0,9.6402,-84.1028,0.4 km al Noreste de San Carlos de San Jose,No,-,mapa,San Jose
2021-05-15,01:56:44,1.8,17.0,8.7663,-83.5518,1.8 km al Suroeste de Sierpe de Puntarenas,No,olDbg,mapa,Puntarenas
2021-05-15,14:19:14,2.0,0.0,8.6664,-84.34,66.7 km al Oeste de Sierpe de Puntarenas,No,olDbg,mapa,Puntarenas
2021-05-15,01:15:58,1.9,12.0,8.7782,-83.5544,1.2 km al Suroeste de Sierpe de Puntarenas,No,olDbg,mapa,Puntarenas
2021-05-15,00:57:16,1.7,95.0,10.17,-84.1467,1.1 km al Suroeste de Varablanca de Heredia,No,olDbg,mapa,Heredia
2021-05-15,18:50:47,2.7,12.0,8.7745,-83.5896,2.0 km al Noreste de Sierpe de Puntarenas,Si,olDbg,mapa,Puntarenas
2021-05-15,15:38:07,3.6,0.0,11.4903,-87.584,127.7 km al Suroeste de - de Nicaragua,Si,olDbg,mapa,Other Location
2021-05-15,00:21:42,2.2,34.0,8.8774,-83.2738,1.0 km al Noroeste de Piedras Blancas de Puntarenas,No,olDbg,mapa,Puntarenas
2021-05-15,08:09:41,3.3,15.0,8.7548,-84.3465,68.8 km al Noroeste de Sierpe de Puntarenas,No,olDbg,mapa,Puntarenas
2021-05-15,00:47:54,2.2,11.0,8.7712,-83.587,2.2 km al Noreste de Sierpe de Puntarenas,No,olDbg,mapa,Puntarenas
2021-05-15,08:46:32,1.7,11.0,10.1134,-83.8374,5.5 km al Noroeste de Jimenez de Limon,No,olDbg,mapa,Limon
2021-05-15,13:45:25,2.3,17.0,8.6933,-83.3758,4.7 km al Sureste de Sierpe de Puntarenas,No,olDbg,mapa,Puntarenas
2021-05-15,20:15:55,3.2,50.0,8.6583,-83.1838,0.7 km al Noroeste de Golfito de Puntarenas,Si,UNA:jprottiMwpM,mapa,Puntarenas
2021-05-15,09:01:58,1.8,48.0,9.7756,-84.2414,1.5 km al Noroeste de Cangrejal de San Jose,No,olDbg,mapa,San Jose
2021-05-15,23:27:37,4.0,4.0,8.1906,-82.8924,4.5 km al Noreste de Pavon de Puntarenas,No,olDbg,mapa,Puntarenas
2021-05-15,05:44:19,2.2,21.0,9.5458,-84.8256,21.3 km al Suroeste de Jaco de Puntarenas,No,olDbg,mapa,Puntarenas
2021-05-15,21:44:19,1.6,22.0,9.6059,-83.7876,0.5 km al Noreste de Copey de San Jose,Si,olDbgMwpMl,mapa,San Jose
2021-05-15,14:10:50,3.6,19.0,8.2003,-82.7309,18.4 km al Sureste de - de Panama,No,olDbg,mapa,Other Location
2021-05-15,23:32:25,2.6,7.0,8.2906,-82.9103,6.8 km al Noreste de Pavon de Puntarenas,No,olDbg,mapa,Puntarenas
2021-05-15,23:49:10,1.5,22.0,9.311,-83.8268,1.3 km al Sureste de Baru de San Jose,No,olDbg,mapa,San Jose
2021-05-15,08:46:30,1.2,4.0,10.033,-83.9159,2.0 km al Sur de Cascajal de San Jose,Si,UNA:jprottiMwpM,mapa,San Jose
2021-05-16,18:27:00,2.0,6.0,10.0492,-83.9382,2.4 km al Oeste de Cascajal de San Jose,Si,UNA:jprottiMwpM,mapa,San Jose
2021-05-16,13:24:29,2.8,36.0,9.9375,-82.529,36.3 km al Noreste de Sixaola de Limon,Si,UNA:jprottiMwpM,mapa,Limon
2021-05-16,15:26:15,3.3,0.0,10.8625,-83.7947,14.0 km al Suroeste de Colorado de Limon,No,-,mapa,Limon
2021-05-16,12:08:40,2.4,60.0,8.8195,-83.0096,0.9 km al Sureste de Limoncito de Puntarenas,Si,OV:rqMl,mapa,Limon
2021-05-16,09:06:33,2.3,17.0,8.7582,-84.3311,67.3 km al Noroeste de Sierpe de Puntarenas,No,olDbg,mapa,Puntarenas
2021-05-16,23:47:18,2.0,7.0,9.5006,-83.6846,2.1 km al Noroeste de Rivas de San Jose,No,olDbg,mapa,San Jose
2021-05-16,12:25:17,2.6,37.0,9.3477,-84.0208,1.8 km al Suroeste de Savegre de Puntarenas,No,olDbg,mapa,Puntarenas
2021-05-16,20:31:34,2.8,32.0,8.3779,-82.8294,7.1 km al Noreste de - de Panama,Si,OV:rqMwpMl,mapa,Other Location
2021-05-16,01:57:44,2.0,13.0,10.064,-83.9559,3.0 km al Este de San Jeronimo de San Jose,No,olDbg,mapa,San Jose
2021-05-16,23:03:29,2.8,20.0,7.8479,-82.7613,31.5 km al Sureste de Pavon de Puntarenas,Si,OV:rqMl,mapa,Puntarenas
2021-05-16,05:46:11,1.8,15.0,9.7878,-84.1608,0.2 km al Suroeste de San Ignacio de San Jose,No,olDbg,mapa,San Jose
2021-05-16,05:46:11,1.9,10.0,9.7915,-84.1404,0.4 km al Sur de Vuelta de Jorco de San Jose,Si,UNA:jprottiMwpM,mapa,San Jose
2021-05-16,12:08:06,4.0,300.0,10.0831,-80.4905,104.0 km al Noroeste de - de Panama,No,-,mapa,Other Location
2021-05-16,01:42:29,3.3,10.0,8.1901,-82.8519,8.7 km al Noreste de Pavon de Puntarenas,No,olDbg,mapa,Puntarenas
2021-05-16,20:50:53,2.4,28.0,8.3294,-82.807,4.9 km al Noreste de - de Panama,Si,OV:rqMl,mapa,Other Location
2021-05-16,01:57:44,1.9,6.0,10.0444,-83.9295,1.6 km al Suroeste de Cascajal de San Jose,Si,UNA:jprottiMwpM,mapa,San Jose
2021-05-17,02:10:10,2.3,14.0,8.5614,-82.8079,2.0 km al Este de Canoas de Puntarenas,No,olDbg,mapa,Puntarenas
2021-05-17,15:05:01,2.4,19.0,8.9222,-82.8965,1.5 km al Este de Pittier de Puntarenas,Si,OV:rqMl,mapa,Puntarenas
2021-05-17,20:57:21,1.8,18.0,9.5479,-84.5743,0.8 km al Oeste de Jaco de Puntarenas,Si,OV:rqMl,mapa,Puntarenas
2021-05-17,15:15:37,1.5,19.0,8.9583,-82.8721,4.0 km al Noreste de Pittier de Puntarenas,Si,OV:rqMwpMl,mapa,Puntarenas
2021-05-17,12:43:28,2.6,8.0,9.634,-83.4781,8.4 km al Suroeste de Chirripo de Cartago,Si,OV:rqMl,mapa,Cartago
2021-05-17,15:19:36,1.9,18.0,8.9129,-82.8831,1.2 km al Noreste de San Vito de Puntarenas,Si,OV:rqMl,mapa,Puntarenas
2021-05-17,21:12:58,2.8,11.0,8.9315,-84.0522,40.1 km al Suroeste de Bahia Ballena de Puntarenas,Si,OV:rqMl,mapa,Puntarenas
2021-05-17,21:39:46,1.9,24.0,10.124,-85.8636,6.9 km al Suroeste de 27de Abril de Guanacaste,Si,UNA:jprottiMwpM,mapa,Guanacaste
2021-05-17,22:35:12,1.5,69.0,9.771,-83.9412,0.1 km al Sureste de San Isidro de Cartago,Si,UNA:fvegaMwpMl,mapa,Cartago
2021-05-17,15:12:14,1.4,10.0,8.8935,-82.9497,1.0 km al Suroeste de San Vito de Puntarenas,Si,OV:rqMwpMl,mapa,Puntarenas
2021-05-17,20:53:01,1.1,7.0,9.668,-83.939,2.3 km al Suroeste de Jardin de San Jose,Si,OV:rqMl,mapa,San Jose
2021-05-17,22:35:00,1.7,179.0,9.9456,-84.05,0.4 km al Sureste de Guadalupe de San Jose,No,olDbg,mapa,San Jose
2021-05-17,15:01:59,4.6,23.0,8.9085,-82.9059,0.2 km al Suroeste de San Vito de Puntarenas,Si,OV:rqMwpMl,mapa,Puntarenas
2021-05-17,20:36:02,1.9,55.0,9.59,-83.9868,0.6 km al Noroeste de Santa Maria de San Jose,Si,OV:rqMl,mapa,San Jose
2021-05-17,10:49:55,2.5,0.0,9.4148,-83.953,1.3 km al Oeste de Rio Nuevo de San Jose,No,-,mapa,San Jose
2021-05-17,11:10:49,1.8,94.0,9.0888,-83.2574,1.8 km al Sureste de Buenos Aires de Puntarenas,Si,OV:rqMwpMl,mapa,Puntarenas
2021-05-17,10:03:09,2.9,26.0,8.1966,-82.7854,15.1 km al Sureste de - de Panama,No,olDbg,mapa,Other Location
2021-05-17,02:37:27,1.8,32.0,9.297,-83.7105,0.6 km al Oeste de S. Isidro El General de San Jose,No,olDbg,mapa,San Jose
2021-05-17,15:13:29,0.7,19.0,8.8817,-82.8753,1.4 km al Suroeste de Sabalito de Puntarenas,Si,OV:rqMl,mapa,Puntarenas
2021-05-17,10:49:42,2.5,54.0,9.3153,-84.0337,4.0 km al Sureste de Quepos de Puntarenas,No,olDbg,mapa,Puntarenas
2021-05-17,09:31:05,2.0,27.0,9.1667,-83.9147,10.5 km al Suroeste de Bahia Ballena de Puntarenas,No,olDbg,mapa,Puntarenas
2021-05-17,22:37:12,1.9,0.0,10.0301,-83.8178,3.7 km al Oeste de Santa Cruz de Cartago,Si,UNA:fvegaMl,mapa,Cartago
2021-05-17,00:28:58,2.7,27.0,9.3082,-83.7086,0.8 km al Noreste de S. Isidro El General de San Jose,No,olDbg,mapa,San Jose
2021-05-17,06:45:28,2.1,15.0,8.9604,-83.0919,1.6 km al Sureste de Biolley de Puntarenas,No,olDbg,mapa,Puntarenas
2021-05-17,15:14:32,1.4,24.0,8.9559,-82.8945,2.1 km al Noreste de Pittier de Puntarenas,Si,OV:rqMl,mapa,Puntarenas
2021-05-17,20:52:50,2.4,32.0,9.4052,-84.6745,19.8 km al Suroeste de Jaco de Puntarenas,No,-,mapa,Puntarenas
2021-05-18,05:27:34,2.0,0.0,9.4097,-84.4977,13.1 km al Sur de Parrita de Puntarenas,No,olDbg,mapa,Puntarenas
2021-05-18,03:46:24,2.6,2.0,7.8222,-82.7566,34.3 km al Sureste de Pavon de Puntarenas,No,-,mapa,Puntarenas
2021-05-18,19:33:03,2.4,18.0,9.3266,-84.5992,22.8 km al Suroeste de Parrita de Puntarenas,No,olDbg,mapa,Puntarenas
2021-05-18,08:03:53,2.2,62.0,9.578,-83.8377,3.5 km al Noreste de Copey de San Jose,No,olDbg,mapa,San Jose
2021-05-18,06:03:03,2.5,8.0,8.8063,-84.1881,53.9 km al Noroeste de Sierpe de Puntarenas,No,olDbg,mapa,Puntarenas
2021-05-18,19:33:04,2.4,34.0,9.4411,-84.546,9.1 km al Sur de Parrita de Puntarenas,Si,UNA:fvegaMwpMl,mapa,Puntarenas
2021-05-18,18:48:02,1.8,59.0,9.4451,-83.886,3.1 km al Noroeste de Rio Nuevo de San Jose,Si,UNA:fvegaMwpMl,mapa,San Jose
2021-05-18,20:14:58,3.1,2.0,8.2019,-82.832,11.2 km al Noreste de Pavon de Puntarenas,Si,olDbg,mapa,Puntarenas
2021-05-18,00:50:35,2.4,11.0,8.3022,-82.89,4.7 km al Suroeste de - de Panama,No,olDbg,mapa,Other Location
2021-05-18,03:29:10,2.2,19.0,8.8539,-82.9082,0.9 km al Sureste de Sabalito de Puntarenas,No,olDbg,mapa,Puntarenas
2021-05-18,05:48:22,2.6,11.0,8.8967,-84.0716,44.5 km al Suroeste de Bahia Ballena de Puntarenas,No,olDbg,mapa,Puntarenas
2021-05-18,20:31:42,2.1,6.0,10.3424,-84.8624,0.8 km al Sureste de Quebrada Grande de Guanacaste,Si,olDbg,mapa,Guanacaste
2021-05-18,00:50:35,2.2,30.0,8.3129,-82.8341,1.8 km al Sureste de - de Panama,Si,UNA:fvegaMwpMl,mapa,Other Location
2021-05-18,18:48:04,1.8,51.0,9.433,-83.9672,3.0 km al Noroeste de Rio Nuevo de San Jose,No,olDbg,mapa,San Jose
2021-05-18,18:29:09,2.5,23.0,10.2066,-85.9014,8.0 km al Oeste de 27de Abril de Guanacaste,Si,UNA:jprottiMwpM,mapa,Guanacaste
2021-05-18,18:49:52,4.3,300.0,5.6048,-86.6181,462.1 km al Suroeste de Sierpe de Puntarenas,No,orDbg,mapa,Puntarenas
2021-05-18,05:27:33,2.1,0.0,9.3965,-84.4983,14.6 km al Sur de Parrita de Puntarenas,Si,UNA:fvegaMwpMl,mapa,Puntarenas
2021-05-18,03:29:11,2.2,16.0,8.9409,-82.895,0.8 km al Noreste de Pittier de Puntarenas,Si,UNA:fvegaMwpMl,mapa,Puntarenas
2021-05-18,18:40:06,6.8,10.0,-33.085,-109.316,4127.9 km al Suroeste de - de Peru,Si,UNA:jprottiMbMw,mapa,Other Location
2021-05-18,20:15:00,3.1,27.0,8.2786,-82.8073,6.3 km al Sureste de - de Panama,Si,UNA:fvegaMwpMl,mapa,Other Location
2021-05-18,05:48:21,2.7,10.0,8.8597,-84.1569,53.4 km al Noroeste de Sierpe de Puntarenas,Si,UNA:fvegaMwpMl,mapa,Puntarenas
2021-05-18,08:03:52,2.1,72.0,9.6171,-83.8429,1.2 km al Suroeste de San Isidro de Cartago,Si,UNA:fvegaMwpMl,mapa,Cartago
2021-05-18,18:42:16,6.8,10.0,-35.358,-106.747,4085.5 km al Suroeste de - de Peru,Si,UNA:jprottiMbMw,mapa,Other Location
2021-05-18,03:46:15,3.8,43.0,7.1432,-82.5656,112.1 km al Sureste de Pavon de Puntarenas,Si,UNA:fvegaMwpMl,mapa,Puntarenas
2021-05-18,06:03:04,2.5,17.0,8.8214,-84.1563,51.4 km al Noroeste de Sierpe de Puntarenas,Si,UNA:fvegaMwpMl,mapa,Puntarenas
2021-05-18,17:41:12,2.3,93.0,10.2807,-84.2356,2.3 km al Sureste de Rio Cuarto de Alajuela,Si,UNA:fvegaMwpMl,mapa,Alajuela
2021-05-19,22:05:26,1.2,0.0,9.4196,-83.8625,0.8 km al Sureste de Rio Nuevo de San Jose,No,-,mapa,San Jose
2021-05-19,06:11:00,2.8,300.0,7.1431,-83.2883,114.3 km al Suroeste de Pavon de Puntarenas,No,-,mapa,Puntarenas
2021-05-19,01:42:49,2.3,11.0,10.3703,-85.3134,7.4 km al Noreste de San Antonio de Guanacaste,No,olDbg,mapa,Guanacaste
2021-05-19,21:12:18,1.6,15.0,9.4198,-83.8557,1.3 km al Sureste de Rio Nuevo de San Jose,No,olDbg,mapa,San Jose
2021-05-19,18:58:08,1.9,120.0,10.3674,-84.2147,0.7 km al Noreste de Rio Cuarto de Alajuela,No,olDbg,mapa,Alajuela
2021-05-19,07:40:03,2.1,15.0,9.3657,-84.6669,22.5 km al Suroeste de Parrita de Puntarenas,No,olDbg,mapa,Puntarenas
2021-05-19,00:44:15,1.9,0.0,9.3058,-84.4271,22.9 km al Suroeste de Parrita de Puntarenas,No,olDbg,mapa,Puntarenas
2021-05-19,23:10:24,1.4,54.0,9.699,-83.9529,1.3 km al Oeste de San Isidro de Cartago,No,olDbg,mapa,Cartago
2021-05-19,08:35:00,3.0,8.0,9.3025,-84.6796,29.0 km al Suroeste de Parrita de Puntarenas,No,olDbg,mapa,Puntarenas
2021-05-19,08:35:01,3.0,23.0,9.3582,-84.6514,22.1 km al Suroeste de Parrita de Puntarenas,Si,UNA:fvegaMwpMl,mapa,Puntarenas
2021-05-19,23:36:55,2.2,18.0,8.7581,-84.0699,39.8 km al Noroeste de Sierpe de Puntarenas,No,olDbg,mapa,Puntarenas
2021-05-19,19:34:58,2.0,21.0,10.3627,-85.8984,6.4 km al Noroeste de Cabo Velas de Guanacaste,Si,UNA:jprottiMwpM,mapa,Guanacaste
2021-05-19,08:07:27,2.2,26.0,9.3043,-83.8318,1.3 km al Noreste de Baru de San Jose,No,-,mapa,San Jose
2021-05-19,10:40:20,5.0,100.0,12.0584,-89.1222,161.0 km al Suroeste de - de El Salvador,No,or,mapa,Other Location
2021-05-19,08:07:30,2.1,8.0,9.549,-83.6397,1.4 km al Noreste de Rivas de San Jose,Si,UNA:fvegaMwpMl,mapa,San Jose
2021-05-19,00:21:39,1.6,5.0,10.0285,-83.9276,2.5 km al Noroeste de Cascajal de San Jose,Si,UNA:fvegaMwpMl,mapa,San Jose
2021-05-19,11:30:06,3.1,93.0,10.1681,-84.063,1.9 km al Este de Varablanca de Heredia,Si,UNA:jprottiMwpM,mapa,Heredia
2021-05-19,00:44:16,1.9,14.0,9.3792,-84.3864,13.7 km al Suroeste de Parrita de Puntarenas,Si,UNA:fvegaMwpMl,mapa,Puntarenas
2021-05-19,02:51:28,2.5,43.0,10.4461,-85.5789,2.0 km al Noroeste de Belen de Guanacaste,Si,UNA:fvegaMwpMl,mapa,Guanacaste
2021-05-19,00:09:06,2.4,30.0,8.6179,-82.7706,6.5 km al Este de Canoas de Puntarenas,Si,UNA:fvegaMwpMl,mapa,Puntarenas
2021-05-19,00:21:39,1.4,13.0,10.059,-83.9561,2.9 km al Este de San Jeronimo de San Jose,No,olDbg,mapa,San Jose
2021-05-19,11:30:06,3.6,101.0,10.2169,-84.0681,5.5 km al Noreste de Varablanca de Heredia,No,olDbg,mapa,Heredia
2021-05-19,07:40:02,2.4,15.0,9.3245,-84.6554,25.5 km al Suroeste de Parrita de Puntarenas,Si,UNA:fvegaMwpMl,mapa,Puntarenas
2021-05-19,16:58:55,3.0,3.0,8.1032,-82.8182,9.0 km al Este de Pavon de Puntarenas,Si,olDbg,mapa,Puntarenas
2021-05-19,01:42:40,2.9,47.0,10.6559,-85.857,17.0 km al Noroeste de Sardinal de Guanacaste,Si,UNA:fvegaMwpMl,mapa,Guanacaste
2021-05-19,14:45:55,2.5,36.0,8.8046,-83.1694,7.1 km al Noreste de Piedras Blancas de Puntarenas,No,olDbg,mapa,Puntarenas
2021-05-19,00:09:06,2.3,23.0,8.5143,-82.7751,6.9 km al Este de La Cuesta de Puntarenas,No,olDbg,mapa,Puntarenas
2021-05-19,02:51:24,2.7,3.0,10.5856,-85.7507,5.4 km al Noroeste de Sardinal de Guanacaste,No,olDbg,mapa,Guanacaste
2021-05-20,18:55:05,3.4,1.0,5.5184,-83.9662,309.7 km al Suroeste de Pavon de Puntarenas,No,-,mapa,Puntarenas
2021-05-20,02:20:57,2.4,17.0,8.6667,-83.2465,1.4 km al Noreste de Golfito de Puntarenas,No,olDbg,mapa,Puntarenas
2021-05-20,20:00:24,2.1,12.0,8.8588,-84.1894,56.0 km al Suroeste de Bahia Ballena de Puntarenas,No,olDbg,mapa,Puntarenas
2021-05-20,07:56:14,2.2,16.0,9.6222,-84.4238,0.9 km al Suroeste de Chires de San Jose,No,olDbg,mapa,San Jose
2021-05-20,11:30:15,2.4,148.0,10.1273,-83.4847,1.6 km al Noroeste de Siquirres de Limon,No,olDbg,mapa,Limon
2021-05-20,15:40:12,2.4,30.0,9.2538,-83.7033,0.6 km al Noreste de S. Isidro El General de San Jose,No,olDbg,mapa,San Jose
2021-05-20,18:39:51,1.9,99.0,10.2037,-84.2905,1.5 km al Sureste de Toro Amarillo de Alajuela,No,olDbg,mapa,Alajuela
2021-05-20,11:30:39,2.1,16.0,9.682,-84.7808,12.0 km al Oeste de Tarcoles de Puntarenas,Si,UNA:jprottiMl,mapa,Puntarenas
2021-05-20,13:59:01,3.0,31.0,9.5165,-83.902,6.3 km al Suroeste de Copey de San Jose,No,olDbg,mapa,San Jose
2021-05-20,22:29:55,1.4,47.0,9.4923,-84.0803,0.2 km al Suroeste de Naranjito de Puntarenas,No,-,mapa,Puntarenas
2021-05-20,00:22:17,2.2,27.0,8.782,-83.1962,3.8 km al Noreste de Piedras Blancas de Puntarenas,No,olDbg,mapa,Puntarenas
2021-05-20,07:05:25,1.4,6.0,9.9192,-83.7881,0.5 km al Suroeste de Capellades de Cartago,Si,UNA:jprottiMl,mapa,Cartago
2021-05-20,23:02:58,1.8,33.0,9.012,-83.8609,21.0 km al Suroeste de Bahia Ballena de Puntarenas,No,olDbg,mapa,Puntarenas
2021-05-20,03:22:54,1.7,12.0,9.4231,-83.8523,1.4 km al Sureste de Rio Nuevo de San Jose,No,olDbg,mapa,San Jose
2021-05-20,21:04:04,4.3,7.0,12.5197,-89.2944,128.2 km al Sur de - de El Salvador,No,orDbg,mapa,Other Location
2021-05-21,03:40:53,2.0,39.0,9.1229,-83.9003,13.2 km al Suroeste de Bahia Ballena de Puntarenas,No,olDbg,mapa,Puntarenas
2021-05-21,09:33:35,2.3,147.0,11.1366,-85.2738,6.0 km al Noreste de Santa Cecilia de Guanacaste,No,-,mapa,Guanacaste
2021-05-21,12:04:13,7.7,10.0,34.586,98.255,398.4 km al Suroeste de - de China,Si,OV:rqMs,mapa,Other Location
2021-05-21,11:59:38,2.8,23.0,8.2112,-83.1006,15.7 km al Suroeste de Pavon de Puntarenas,No,olDbg,mapa,Puntarenas
2021-05-21,09:56:31,2.9,32.0,9.4971,-84.2431,2.9 km al Norte de Parrita de Puntarenas,No,olDbg,mapa,Puntarenas
2021-05-21,09:33:44,1.3,101.0,10.5371,-84.8892,0.8 km al Sureste de Arenal de Guanacaste,Si,UNA:jprottiMwpM,mapa,Guanacaste
2021-05-21,04:08:32,3.1,10.0,10.6721,-85.4869,0.9 km al Noroeste de Curubande de Guanacaste,No,olDbg,mapa,Guanacaste
2021-05-21,05:23:50,2.0,46.0,9.484,-83.9105,7.2 km al Noreste de Rio Nuevo de San Jose,No,-,mapa,San Jose
2021-05-21,02:42:16,2.2,15.0,9.7698,-85.0171,0.8 km al Sur de Paquera de Puntarenas,No,olDbg,mapa,Puntarenas
2021-05-21,22:22:35,3.1,3.0,10.7989,-86.4719,80.5 km al Noroeste de Sardinal de Guanacaste,No,olDbg,mapa,Guanacaste
2021-05-21,16:50:13,3.5,39.0,9.4805,-84.2123,1.1 km al Suroeste de Quepos de Puntarenas,Si,OV:rqMwpMl,mapa,Puntarenas
2021-05-21,15:16:04,2.4,51.0,9.5065,-83.8841,6.1 km al Suroeste de Copey de San Jose,Si,olDbg,mapa,San Jose
2021-05-21,01:56:04,1.5,4.0,9.8809,-83.9066,1.0 km al Noreste de Carmen de Cartago,Si,UNA:jprottiMwpM,mapa,Cartago
2021-05-21,17:32:51,2.1,16.0,9.4275,-83.8681,0.4 km al Noroeste de Rio Nuevo de San Jose,Si,olDbg,mapa,San Jose
2021-05-21,18:18:19,2.1,19.0,9.5031,-83.555,2.9 km al Noreste de Rivas de San Jose,Si,olDbg,mapa,San Jose
2021-05-21,19:09:49,2.1,0.0,9.3897,-84.4945,15.3 km al Sur de Parrita de Puntarenas,No,olDbg,mapa,Puntarenas
2021-05-21,02:26:20,1.6,22.0,9.7179,-85.0346,0.7 km al Este de Paquera de Puntarenas,No,olDbg,mapa,Puntarenas
2021-05-21,17:42:25,2.3,8.0,9.447,-83.8419,0.3 km al Noreste de Rio Nuevo de San Jose,Si,UNA:jprottiMwpM,mapa,San Jose
2021-05-22,20:59:33,3.4,44.0,9.5228,-84.203,1.7 km al Sur de Parrita de Puntarenas,Si,UNA:wjimenMwpMl,mapa,Puntarenas
2021-05-22,11:22:39,2.7,22.0,9.6401,-84.9392,11.7 km al Sureste de Cobano de Puntarenas,Si,olDbg,mapa,Puntarenas
2021-05-22,10:37:01,2.5,53.0,9.4223,-84.3016,7.0 km al Suroeste de Parrita de Puntarenas,No,olDbg,mapa,Puntarenas
2021-05-22,20:20:55,3.0,298.0,10.1211,-85.3448,0.5 km al Noroeste de Mansion de Guanacaste,No,olDbg,mapa,Guanacaste
2021-05-22,10:45:13,2.3,53.0,10.8569,-86.5522,89.9 km al Oeste de Santa Elena de Guanacaste,Si,UNA:jprottiMwpM,mapa,Guanacaste
2021-05-22,14:25:35,2.5,15.0,9.506,-84.8396,25.4 km al Suroeste de Jaco de Puntarenas,No,olDbg,mapa,Puntarenas
2021-05-22,02:13:29,3.2,7.0,9.3038,-84.6737,28.5 km al Suroeste de Parrita de Puntarenas,No,olDbg,mapa,Puntarenas
2021-05-22,03:23:30,2.0,20.0,8.8192,-84.3024,64.8 km al Suroeste de Quepos de Puntarenas,No,olDbg,mapa,Puntarenas
2021-05-23,16:38:11,4.4,4.0,10.5435,-85.652,2.3 km al Oeste de Sardinal de Guanacaste,No,olDbg,mapa,Guanacaste
2021-05-23,00:04:30,2.1,12.0,8.7612,-83.4498,3.4 km al Sureste de Sierpe de Puntarenas,No,olDbg,mapa,Puntarenas
2021-05-23,21:15:44,0.8,1.0,9.7884,-83.9494,0.3 km al Noroeste de San Isidro de Cartago,Si,UNA:jprottiMwpM,mapa,Cartago
2021-05-23,07:49:10,2.7,191.0,11.3899,-85.8221,30.3 km al Noroeste de La Cruz de Guanacaste,Si,UNA:jprottiMl,mapa,Guanacaste
2021-05-23,20:12:24,1.4,5.0,10.0467,-83.9289,1.4 km al Suroeste de Cascajal de San Jose,Si,UNA:jprottiMwpM,mapa,San Jose
2021-05-23,23:08:21,2.8,17.0,8.6807,-83.2399,3.0 km al Noreste de Golfito de Puntarenas,No,olDbg,mapa,Puntarenas
2021-05-23,21:17:34,2.8,36.0,10.2925,-86.2575,45.5 km al Oeste de Cabo Velas de Guanacaste,Si,UNA:jprottiMwpM,mapa,Guanacaste
2021-05-23,10:02:48,3.3,22.0,8.273,-82.9968,4.2 km al Noroeste de Pavon de Puntarenas,Si,OV:rqMl,mapa,Puntarenas
2021-05-23,21:12:09,3.3,40.0,10.2629,-86.2455,44.7 km al Suroeste de Cabo Velas de Guanacaste,Si,UNA:jprottiMwpM,mapa,Guanacaste
2021-05-23,16:37:42,5.5,13.0,12.0689,-87.2704,57.2 km al Suroeste de - de Nicaragua,Si,UNA:wjimenMwpMl,mapa,Other Location
2021-05-23,15:18:11,2.1,15.0,9.3475,-84.6637,23.9 km al Suroeste de Parrita de Puntarenas,No,olDbg,mapa,Puntarenas
2021-05-23,02:28:58,2.8,41.0,9.3221,-83.9571,0.9 km al Sureste de Savegre de Puntarenas,No,olDbg,mapa,Puntarenas
2021-05-23,19:36:48,3.0,0.0,11.2539,-86.252,63.4 km al Noroeste de La Cruz de Guanacaste,No,olDbg,mapa,Guanacaste
2021-05-23,06:42:14,3.5,100.0,11.1614,-85.8473,21.0 km al Noroeste de La Cruz de Guanacaste,No,ol,mapa,Guanacaste
2021-05-23,06:41:55,3.7,178.0,12.1371,-86.6101,33.9 km al Oeste de - de Nicaragua,Si,UNA:jprottiMwpM,mapa,Other Location
2021-05-23,19:35:02,2.2,31.0,9.5066,-84.2171,2.0 km al Noroeste de Quepos de Puntarenas,No,olDbg,mapa,Puntarenas
2021-05-23,07:54:23,2.1,5.0,9.4414,-83.8511,1.0 km al Suroeste de Rio Nuevo de San Jose,Si,OV:rqMwpMl,mapa,San Jose
2021-05-23,01:30:20,2.8,20.0,10.3018,-85.5924,1.3 km al Noroeste de Santa Cruz de Guanacaste,No,olDbg,mapa,Guanacaste
2021-05-23,07:48:34,3.1,13.0,10.2075,-85.674,1.1 km al Sureste de 27de Abril de Guanacaste,No,olDbg,mapa,Guanacaste
2021-05-23,07:48:04,3.9,38.0,11.456,-87.4105,120.4 km al Suroeste de - de Nicaragua,Si,OV:rqMwpMl,mapa,Other Location
2021-05-23,11:25:09,1.5,11.0,9.7595,-84.1529,0.4 km al Noreste de Vuelta de Jorco de San Jose,No,olDbg,mapa,San Jose
2021-05-23,06:04:57,1.8,25.0,10.019,-83.5847,2.2 km al Noroeste de Siquirres de Limon,No,olDbg,mapa,Limon
2021-05-24,19:55:41,2.2,84.0,10.2883,-84.1661,1.4 km al Noroeste de Sarapiqui de Alajuela,Si,UNA:jprottiMwpM,mapa,Alajuela
2021-05-24,00:04:25,2.4,20.0,8.6804,-83.2352,3.3 km al Noreste de Golfito de Puntarenas,No,olDbg,mapa,Puntarenas
2021-05-24,18:25:34,1.7,73.0,10.0442,-84.1437,0.2 km al Suroeste de Jesus de Heredia,No,olDbg,mapa,Heredia
2021-05-24,13:41:53,2.2,145.0,10.423,-84.3514,1.3 km al Suroeste de Aguas Zarcas de Alajuela,No,olDbg,mapa,Alajuela
2021-05-24,07:32:01,2.9,38.0,10.2705,-86.2522,45.3 km al Oeste de Cabo Velas de Guanacaste,Si,UNA:jprottiMwpM,mapa,Guanacaste
2021-05-24,00:49:53,2.0,26.0,9.4134,-83.7629,2.0 km al Sureste de Rio Nuevo de San Jose,No,olDbg,mapa,San Jose
2021-05-24,07:59:42,2.8,35.0,10.2843,-86.2991,50.1 km al Oeste de Cabo Velas de Guanacaste,Si,UNA:jprottiMwpM,mapa,Guanacaste
2021-05-24,20:31:02,2.5,25.0,9.4985,-83.8309,4.6 km al Noroeste de Paramo de San Jose,No,olDbg,mapa,San Jose
2021-05-24,01:14:09,1.8,12.0,9.675,-84.178,1.7 km al Norte de La Legua de San Jose,No,olDbg,mapa,San Jose
2021-05-24,07:39:19,3.1,4.0,10.3091,-86.313,51.4 km al Oeste de Cabo Velas de Guanacaste,Si,UNA:jprottiMwpM,mapa,Guanacaste
2021-05-24,00:03:16,2.9,19.0,8.6751,-83.2453,2.2 km al Noreste de Golfito de Puntarenas,No,olDbg,mapa,Puntarenas
2021-05-24,19:55:35,2.0,150.0,10.401,-84.1544,1.9 km al Sureste de Rio Cuarto de Alajuela,No,olDbg,mapa,Alajuela
2021-05-24,08:30:26,2.3,25.0,10.295,-86.3384,54.3 km al Oeste de Cabo Velas de Guanacaste,Si,UNA:jprottiMwpM,mapa,Guanacaste
2021-05-24,22:03:04,4.4,32.0,10.5348,-83.0682,40.1 km al Noreste de Siquirres de Limon,Si,UNA:jprottiMwpM,mapa,Limon
2021-05-24,20:18:50,1.9,87.0,10.2303,-84.5313,0.1 km al Suroeste de Angeles de Alajuela,Si,UNA:jprottiMwpM,mapa,Alajuela
2021-05-24,11:12:22,3.0,35.0,10.3073,-86.2523,44.8 km al Oeste de Cabo Velas de Guanacaste,Si,UNA:jprottiMwpM,mapa,Guanacaste
2021-05-24,12:06:34,2.2,16.0,10.3735,-86.1619,34.9 km al Oeste de Cabo Velas de Guanacaste,Si,UNA:jprottiMwpM,mapa,Guanacaste
2021-05-24,09:31:23,2.3,32.0,8.8029,-83.1783,6.6 km al Noreste de Piedras Blancas de Puntarenas,No,olDbg,mapa,Puntarenas
2021-05-24,12:22:30,2.2,47.0,10.2297,-86.3383,55.1 km al Oeste de Tamarindo de Guanacaste,Si,UNA:jprottiMwpM,mapa,Guanacaste
2021-05-24,03:30:42,1.7,18.0,9.7906,-84.7778,11.8 km al Suroeste de Tarcoles de Puntarenas,No,olDbg,mapa,Puntarenas
2021-05-24,13:55:51,2.0,0.0,10.4695,-84.6008,2.0 km al Noroeste de La Fortuna de Alajuela,No,olDbg,mapa,Alajuela
2021-05-24,18:25:32,2.2,86.0,10.0905,-84.1653,0.6 km al Sureste de Carrizal de Alajuela,Si,UNA:jprottiMwpM,mapa,Alajuela
2021-05-24,09:10:57,2.1,0.0,8.4658,-83.0382,1.8 km al Sureste de Pavon de Puntarenas,Si,-,mapa,Puntarenas
2021-05-24,04:31:42,2.4,23.0,10.2267,-85.6685,2.6 km al Noreste de 27de Abril de Guanacaste,No,-,mapa,Guanacaste
2021-05-24,00:50:03,2.1,0.0,9.4809,-83.8844,5.8 km al Noroeste de Rio Nuevo de San Jose,No,olDbg,mapa,San Jose
2021-05-24,07:46:49,3.1,4.0,10.3383,-86.3361,53.8 km al Oeste de Cabo Velas de Guanacaste,Si,UNA:jprottiMwpM,mapa,Guanacaste
2021-05-24,11:51:08,2.1,37.0,9.374,-84.157,1.5 km al Suroeste de Quepos de Puntarenas,No,olDbg,mapa,Puntarenas
2021-05-24,13:48:07,3.5,0.0,10.2905,-86.0599,24.2 km al Suroeste de Cabo Velas de Guanacaste,No,olDbg,mapa,Guanacaste
2021-05-24,09:33:06,1.8,24.0,8.974,-84.2179,46.0 km al Sur de Quepos de Puntarenas,No,olDbg,mapa,Puntarenas
2021-05-25,06:12:51,2.5,11.0,9.7802,-84.1662,0.8 km al Noreste de Cangrejal de San Jose,No,olDbg,mapa,San Jose
2021-05-25,11:02:09,1.7,39.0,9.4865,-84.2316,2.0 km al Noreste de Parrita de Puntarenas,No,olDbgMwpMl,mapa,Puntarenas
2021-05-25,13:44:42,2.8,4.0,8.8699,-84.1503,52.2 km al Suroeste de Bahia Ballena de Puntarenas,No,olDbg,mapa,Puntarenas
2021-05-25,15:06:06,3.1,15.0,10.6524,-82.9615,57.5 km al Noreste de Siquirres de Limon,Si,olDbg,mapa,Limon
2021-05-25,02:39:54,2.0,8.0,8.8317,-84.2076,57.0 km al Noroeste de Sierpe de Puntarenas,No,olDbg,mapa,Puntarenas
2021-05-25,02:43:11,1.9,46.0,9.2578,-83.9508,6.4 km al Suroeste de Savegre de Puntarenas,No,olDbg,mapa,Puntarenas
2021-05-25,01:53:05,2.3,11.0,8.8757,-84.1616,52.5 km al Suroeste de Bahia Ballena de Puntarenas,No,olDbg,mapa,Puntarenas
2021-05-25,23:43:00,3.9,11.0,8.9747,-82.9674,3.8 km al Noroeste de Pittier de Puntarenas,Si,UNA:jprottiMwpM,mapa,Puntarenas
2021-05-25,15:34:11,2.5,12.0,8.8665,-84.1673,53.7 km al Suroeste de Bahia Ballena de Puntarenas,Si,olDbg,mapa,Puntarenas
2021-05-25,03:42:50,1.9,19.0,10.4401,-83.095,31.5 km al Noreste de Siquirres de Limon,No,olDbg,mapa,Limon
2021-05-25,02:33:44,2.1,16.0,8.9097,-84.1016,45.4 km al Suroeste de Bahia Ballena de Puntarenas,No,olDbg,mapa,Puntarenas
2021-05-25,00:26:43,2.2,36.0,10.4376,-83.1194,29.3 km al Noreste de Siquirres de Limon,No,olDbg,mapa,Limon
2021-05-25,21:00:13,2.0,19.0,9.4021,-84.3544,10.4 km al Sur de Parrita de Puntarenas,No,olDbg,mapa,Puntarenas
2021-05-25,12:35:12,2.5,16.0,9.6076,-84.8735,19.7 km al Sureste de Cobano de Puntarenas,No,olDbg,mapa,Puntarenas
2021-05-25,18:31:25,2.3,15.0,9.311,-84.6879,28.7 km al Suroeste de Parrita de Puntarenas,Si,olDbg,mapa,Puntarenas
2021-05-25,23:58:15,2.2,0.0,10.6558,-84.8878,2.7 km al Suroeste de San Rafael de Alajuela,No,-,mapa,Alajuela
2021-05-25,22:22:10,2.8,15.0,8.9715,-82.9548,2.4 km al Noroeste de Pittier de Puntarenas,Si,UNA:jprottiMwpM,mapa,Puntarenas
2021-05-25,22:56:42,2.2,20.0,8.8475,-83.1623,4.3 km al Oeste de Changuena de Puntarenas,No,olDbg,mapa,Puntarenas
2021-05-25,23:46:45,2.0,9.0,8.9588,-82.9831,1.6 km al Noreste de Pittier de Puntarenas,No,olDbg,mapa,Puntarenas
2021-05-25,17:55:59,2.9,24.0,10.3832,-86.0549,23.5 km al Noroeste de Cabo Velas de Guanacaste,Si,olDbg,mapa,Guanacaste
2021-05-25,17:48:54,3.0,23.0,10.2618,-86.2009,40.0 km al Suroeste de Cabo Velas de Guanacaste,Si,olDbg,mapa,Guanacaste
2021-05-25,16:38:36,3.6,9.0,8.8487,-84.171,54.2 km al Noroeste de Sierpe de Puntarenas,Si,olDbg,mapa,Puntarenas
2021-05-25,13:23:09,2.9,152.0,11.4225,-86.2666,46.9 km al Suroeste de - de Nicaragua,No,olDbg,mapa,Other Location
2021-05-26,07:00:34,1.9,34.0,9.392,-84.2676,9.3 km al Suroeste de Parrita de Puntarenas,No,olDbg,mapa,Puntarenas
2021-05-26,00:31:34,1.5,17.0,9.492,-83.5524,2.1 km al Noreste de Rivas de San Jose,No,olDbg,mapa,San Jose
2021-05-26,02:41:48,2.8,57.0,7.4141,-83.814,120.8 km al Suroeste de Puerto Jimenez de Puntarenas,No,-,mapa,Puntarenas
2021-05-26,05:11:06,1.9,49.0,9.9729,-84.4667,0.4 km al Sureste de Desmonte de Alajuela,No,olDbg,mapa,Alajuela
2021-05-26,13:46:14,2.9,2.0,8.832,-84.1875,55.0 km al Noroeste de Sierpe de Puntarenas,No,olDbg,mapa,Puntarenas
2021-05-26,13:55:19,2.9,7.0,9.8768,-83.5835,1.0 km al Sur de La Suiza de Cartago,Si,UNA:carlosMwpMl,mapa,Cartago
2021-05-26,12:25:23,3.0,0.0,10.601,-86.6418,91.6 km al Noroeste de Cabo Velas de Guanacaste,No,-,mapa,Guanacaste
2021-05-26,11:18:39,1.9,19.0,9.4137,-84.1206,1.7 km al Suroeste de Quepos de Puntarenas,No,olDbg,mapa,Puntarenas
2021-05-26,10:20:08,1.4,18.0,10.1608,-85.7802,2.5 km al Noreste de 27de Abril de Guanacaste,Si,UNA:jprottiMl,mapa,Guanacaste
2021-05-27,21:24:41,2.4,28.0,8.4715,-83.2831,6.4 km al Norte de Puerto Jimenez de Puntarenas,Si,olDbg,mapa,Puntarenas
2021-05-27,21:51:00,2.6,18.0,9.4957,-84.8461,26.7 km al Suroeste de Jaco de Puntarenas,Si,UNA:fvegaMwpMl,mapa,Puntarenas
2021-05-27,23:00:24,2.5,47.0,10.5953,-83.0763,44.1 km al Noreste de Siquirres de Limon,Si,UNA:fvegaMl,mapa,Limon
2021-05-27,20:43:39,2.6,28.0,9.3273,-83.6867,1.3 km al Sureste de S. Isidro El General de San Jose,Si,UNA:fvegaMwpMl,mapa,San Jose
2021-05-27,21:24:11,4.5,99.0,6.4102,-83.1417,189.3 km al Sur de Pavon de Puntarenas,Si,UNA:jprottiMl,mapa,Puntarenas
2021-05-28,21:47:39,1.9,48.0,9.4901,-83.9832,3.4 km al Este de San Lorenzo de San Jose,No,olDbg,mapa,San Jose
2021-05-28,09:16:26,1.1,5.0,9.9541,-83.7988,1.5 km al Noreste de Pacayas de Cartago,Si,UNA:fvegaMl,mapa,Cartago
2021-05-28,09:16:09,2.9,2.0,10.1302,-82.7182,37.4 km al Noreste de Limon de Limon,No,-,mapa,Limon
2021-05-28,08:35:57,3.4,35.0,10.8961,-85.5819,2.0 km al Noreste de Santa Elena de Guanacaste,No,olDbg,mapa,Guanacaste
2021-05-28,17:30:00,2.2,5.0,9.5748,-84.5821,2.7 km al Oeste de Jaco de Puntarenas,Si,olDbg,mapa,Puntarenas
2021-05-28,21:52:36,2.4,11.0,10.53,-83.0134,44.6 km al Noreste de Siquirres de Limon,No,olDbg,mapa,Limon
2021-05-28,02:10:33,2.7,41.0,9.7171,-84.5936,0.7 km al Oeste de Tarcoles de Puntarenas,Si,UNA:fvegaMwpMl,mapa,Puntarenas
2021-05-28,04:20:13,3.8,182.0,11.2954,-85.7623,19.0 km al Noroeste de La Cruz de Guanacaste,Si,UNA:fvegaMwpMl,mapa,Guanacaste
2021-05-28,03:22:58,1.3,75.0,9.8795,-84.031,0.5 km al Sureste de Patarra de San Jose,Si,UNA:jprottiMl,mapa,San Jose
2021-05-28,03:22:41,2.5,0.0,11.2568,-84.055,46.6 km al Noreste de Pocosol de Alajuela,No,-,mapa,Alajuela
2021-05-28,09:35:25,2.5,13.0,8.7879,-83.6128,2.4 km al Noroeste de Sierpe de Puntarenas,Si,UNA:fvegaMl,mapa,Puntarenas
2021-05-28,08:35:50,3.9,87.0,11.3014,-85.6996,13.8 km al Noroeste de La Cruz de Guanacaste,Si,UNA:fvegaMwpMl,mapa,Guanacaste
2021-05-29,20:51:43,1.5,27.0,9.3881,-83.8286,2.7 km al Noreste de Baru de San Jose,No,olDbg,mapa,San Jose
2021-05-29,23:35:09,2.5,2.0,7.7394,-83.0037,41.3 km al Suroeste de Pavon de Puntarenas,No,ol,mapa,Puntarenas
2021-05-29,00:06:31,3.5,300.0,11.5329,-87.5434,121.2 km al Suroeste de - de Nicaragua,No,-,mapa,Other Location
2021-05-29,09:01:55,3.4,193.0,8.9769,-80.4678,74.8 km al Suroeste de - de Panama,No,-,mapa,Other Location
2021-05-29,06:24:11,2.0,34.0,10.6392,-85.3659,5.6 km al Noreste de Liberia de Guanacaste,No,olDbg,mapa,Guanacaste
2021-05-29,05:08:24,1.7,17.0,9.5718,-83.6197,4.7 km al Noreste de Rivas de San Jose,No,olDbg,mapa,San Jose
2021-05-29,05:00:17,2.1,17.0,8.7542,-84.2946,63.3 km al Noroeste de Sierpe de Puntarenas,No,olDbg,mapa,Puntarenas
2021-05-29,16:14:04,2.4,28.0,8.7537,-82.8871,3.2 km al Noreste de Aguabuena de Puntarenas,Si,olDbg,mapa,Puntarenas
2021-05-29,02:39:42,1.1,4.0,9.7084,-83.9567,1.3 km al Suroeste de San Cristobal de San Jose,Si,UNA:jprottiMl,mapa,San Jose
2021-05-29,04:47:31,2.8,28.0,9.9126,-82.6614,25.6 km al Noreste de Cahuita de Limon,No,olDbg,mapa,Limon
2021-05-29,14:50:53,2.2,97.0,10.2846,-84.4077,1.5 km al Noroeste de Quesada de Alajuela,No,olDbg,mapa,Alajuela
2021-05-29,19:40:01,3.7,15.0,5.1979,-85.2738,412.4 km al Suroeste de Puerto Jimenez de Puntarenas,No,or,mapa,Puntarenas
2021-05-29,11:32:07,1.5,28.0,9.5641,-83.9896,2.3 km al Suroeste de Santa Maria de San Jose,No,olDbgMwpMl,mapa,San Jose
2021-05-29,09:30:09,2.7,50.0,10.7921,-85.6669,8.2 km al Noroeste de Nacascolo de Guanacaste,No,ol,mapa,Guanacaste
2021-05-29,00:21:07,2.8,16.0,7.901,-83.4857,60.2 km al Suroeste de Puerto Jimenez de Puntarenas,No,olDbg,mapa,Puntarenas
2021-05-29,02:16:43,1.8,20.0,8.6831,-83.4311,3.5 km al Noreste de Puerto Jimenez de Puntarenas,No,olDbg,mapa,Puntarenas
2021-05-29,06:37:20,1.5,16.0,9.5437,-84.238,2.0 km al Suroeste de Parrita de Puntarenas,Si,UNA:jprottiMl,mapa,Puntarenas
2021-05-30,15:17:47,2.6,23.0,9.3316,-85.7595,64.9 km al Suroeste de Samara de Guanacaste,Si,olDbg,mapa,Guanacaste
2021-05-30,19:51:07,1.8,22.0,9.2449,-84.0778,12.4 km al Suroeste de Quepos de Puntarenas,Si,olDbg,mapa,Puntarenas
2021-05-30,10:33:11,1.6,0.0,9.6029,-84.1558,3.6 km al Suroeste de San Carlos de San Jose,No,olDbg,mapa,San Jose
2021-05-30,06:48:12,2.9,7.0,9.4785,-84.8611,28.3 km al Sureste de Cobano de Puntarenas,No,olDbg,mapa,Puntarenas
2021-05-30,06:22:50,2.2,20.0,8.6974,-83.3531,2.5 km al Oeste de Golfito de Puntarenas,No,olDbg,mapa,Puntarenas
2021-05-30,06:03:28,3.5,36.0,3.8031,-84.4373,506.4 km al Suroeste de Pavon de Puntarenas,No,orDbg,mapa,Puntarenas
2021-05-30,04:15:32,1.5,48.0,9.6119,-83.994,2.1 km al Noroeste de Santa Maria de San Jose,No,olDbg,mapa,San Jose
2021-05-30,15:16:16,1.3,3.0,10.0302,-83.9124,2.0 km al Norte de Cascajal de San Jose,Si,UNA:jprottiMl,mapa,San Jose
2021-05-30,04:07:08,2.7,0.0,7.8713,-82.4884,51.7 km al Sureste de Pavon de Puntarenas,No,olDbg,mapa,Puntarenas
2021-05-30,00:32:06,1.7,43.0,9.4361,-84.1478,1.5 km al Suroeste de Quepos de Puntarenas,No,olDbg,mapa,Puntarenas
2021-05-30,00:06:38,2.1,28.0,9.2644,-83.7146,0.9 km al Noroeste de S. Isidro El General de San Jose,No,olDbg,mapa,San Jose
2021-05-30,05:58:28,2.3,2.0,7.7394,-83.0037,41.3 km al Suroeste de Pavon de Puntarenas,No,ol,mapa,Puntarenas
2021-05-30,13:57:44,2.5,25.0,8.8082,-82.993,0.4 km al Noroeste de San Vito de Puntarenas,Si,OV:rqMl,mapa,Puntarenas
2021-05-31,00:54:40,2.8,32.0,10.519,-83.1393,33.2 km al Noreste de Siquirres de Limon,Si,UNA:jprottiMl,mapa,Limon
2021-05-31,01:10:06,3.1,300.0,11.636,-85.3689,52.2 km al Noreste de La Cruz de Guanacaste,No,olDbgMlMwp,mapa,Guanacaste
2021-05-31,01:32:57,2.2,28.0,9.835,-82.8177,9.9 km al Noreste de Valle Estrella de Limon,Si,UNA:jprottiMwpM,mapa,Limon
2021-05-31,01:47:36,1.6,11.0,9.7963,-83.7973,2.2 km al Este de Cachi de Cartago,Si,UNA:jprottiMl,mapa,Cartago
2021-05-31,01:50:12,2.0,19.0,8.913,-82.9057,0.4 km al Noroeste de San Vito de Puntarenas,No,olDbg,mapa,Puntarenas
2021-05-31,02:25:53,1.3,100.0,9.963,-84.0635,0.3 km al Suroeste de San Vicente de San Jose,No,olMwpMl,mapa,San Jose
2021-05-31,03:08:14,2.5,1.0,8.8259,-84.1281,48.8 km al Noroeste de Sierpe de Puntarenas,No,olDbg,mapa,Puntarenas
2021-05-31,03:43:30,2.9,150.0,10.7922,-82.3712,114.1 km al Noreste de Limon de Limon,No,ol,mapa,Limon
2021-05-31,05:15:25,2.1,14.0,9.5953,-84.7781,13.9 km al Suroeste de Jaco de Puntarenas,No,olDbg,mapa,Puntarenas
2021-05-31,08:17:29,2.7,23.0,8.375,-82.7886,9.3 km al Noreste de - de Panama,No,olDbgMwpMl,mapa,Other Location
2021-05-31,08:57:49,2.5,46.0,9.5691,-84.2529,1.4 km al Noroeste de Parrita de Puntarenas,Si,olDbg,mapa,Puntarenas
2021-05-31,01:05:22,1.4,65.0,9.9461,-84.0896,0.2 km al Suroeste de Cinco Esquinas de San Jose,No,olDbg,mapa,San Jose
2021-05-31,02:58:41,1.7,20.0,9.7266,-84.9352,5.7 km al Sureste de Paquera de Puntarenas,No,olDbg,mapa,Puntarenas
,,,,,,,,,,Other Location
